序号,借款方平台用户编号,标的号,标的金额,标的名称,标的描述（非必填参数为空仍保留该列）,标的产品类型,年化利率,还款方式,待还本金,待还利息,固定值STOCK,标的周期(单位：天)
1,U2119335976768635906,LA20141023000002,125000.00,友金e富,,STANDARDPOWDER,0.100000000,FIXED_PAYMENT_MORTGAGE,125000.00,0,STOCK,1080
2,U2119349066302228484,LA20141027000004,300000.00,友金e富,,STANDARDPOWDER,0.100000000,FIXED_PAYMENT_MORTGAGE,300000.00,0,STOCK,1080
3,U2119284735996856324,LA20141128000002,150000.00,友金e富,,STANDARDPOWDER,0.100000000,FIXED_PAYMENT_MORTGAGE,150000.00,0,STOCK,1080
